{"cameraMode":{"drawMode":0,"name":"Shaded","section":"Shading Mode"},"sceneLighting":true,"audioPlay":false,"sceneViewState":{"m_AlwaysRefresh":false,"showFog":true,"showSkybox":true,"showFlares":true,"showImageEffects":true,"showParticleSystems":true,"showVisualEffectGraphs":true,"m_FxEnabled":true},"in2DMode":false,"pivot":{"x":951.4974365234375,"y":107.35848999023438,"z":-131.87069702148438},"rotation":{"x":0.11505745351314545,"y":-0.023759499192237855,"z":0.0023977274540811779,"w":0.9932073354721069},"size":156.86282348632813,"orthographic":false}