{"cameraMode":{"drawMode":0,"name":"Shaded","section":"Shading Mode"},"sceneLighting":true,"audioPlay":false,"sceneViewState":{"m_AlwaysRefresh":false,"showFog":true,"showSkybox":true,"showFlares":true,"showImageEffects":true,"showParticleSystems":true,"showVisualEffectGraphs":true,"m_FxEnabled":true},"in2DMode":false,"pivot":{"x":6.2109785079956059,"y":9.730854034423829,"z":237.98497009277345},"rotation":{"x":-0.013686477206647396,"y":0.00934529397636652,"z":-0.0005948182661086321,"w":0.9999871253967285},"size":94.31730651855469,"orthographic":false}