{"cameraMode":{"drawMode":0,"name":"Shaded","section":"Shading Mode"},"sceneLighting":true,"audioPlay":false,"sceneViewState":{"m_AlwaysRefresh":false,"showFog":true,"showSkybox":true,"showFlares":true,"showImageEffects":true,"showParticleSystems":true,"showVisualEffectGraphs":true,"m_FxEnabled":true},"in2DMode":false,"pivot":{"x":0.2514786422252655,"y":6.4312615394592289,"z":-4.586032867431641},"rotation":{"x":0.029822006821632386,"y":0.0015878458507359028,"z":0.000022489377442980185,"w":0.9997071623802185},"size":0.8438930511474609,"orthographic":false}