{"cameraMode":{"drawMode":0,"name":"Shaded","section":"Shading Mode"},"sceneLighting":true,"audioPlay":false,"sceneViewState":{"m_AlwaysRefresh":false,"showFog":true,"showSkybox":true,"showFlares":true,"showImageEffects":true,"showParticleSystems":true,"showVisualEffectGraphs":true,"m_FxEnabled":true},"in2DMode":false,"pivot":{"x":11.794269561767579,"y":58.362640380859378,"z":13.004490852355957},"rotation":{"x":-0.11498405039310456,"y":-0.40534475445747378,"z":0.051462434232234958,"w":-0.9054598808288574},"size":5.008299350738525,"orthographic":false}