{"cameraMode":{"drawMode":0,"name":"Shaded","section":"Shading Mode"},"sceneLighting":true,"audioPlay":false,"sceneViewState":{"m_AlwaysRefresh":false,"showFog":true,"showSkybox":true,"showFlares":true,"showImageEffects":true,"showParticleSystems":true,"showVisualEffectGraphs":true,"m_FxEnabled":true},"in2DMode":false,"pivot":{"x":15.513832092285157,"y":10.972884178161621,"z":4.316938400268555},"rotation":{"x":-0.09307146817445755,"y":0.04686174541711807,"z":-0.004389763809740543,"w":-0.9945636987686157},"size":45.2585563659668,"orthographic":false}